李来庚,中国科学院植物生理生态研究所
陈宝权,中国科学院深圳先进技术研究院
付红兵,中国科学院化学研究所
杨涛,中国科学技术大学
倪明玖,中国科学院研究生院
江华,中国科学院化学研究所
王福俤,中国科学院上海生命科学研究院
苗龙,中国科学院生物物理研究所
杨崇林,中国科学院遗传与发育生物学研究所
效存德,中国科学院寒区旱区环境与工程研究所
孙斐,中国科学技术大学
舒友生,中国科学院上海生命科学研究院
吕海东,北京师范大学
黄勋,中国科学院遗传与发育生物学研究所
刘耘,中国科学院地球化学研究所
汪海林,中国科学院生态环境研究中心
张旭,中国科学院上海生命科学研究院神经科学研究所
张旭,华中科技大学
苏伟平,中国科学院福建物质结构研究所
黄善金,中国科学院植物研究所
镇学初,中国科学院上海药物研究所
许执恒,中国科学院遗传与发育生物学研究所
宋保亮,中国科学院上海生命科学研究院
张立新,中国科学院微生物研究所
贺金生,北京大学
田野,中国科学院数学与系统科学研究院
王磊,复旦大学
易俗,中国科学院理论物理研究所
孙有斌,中国科学院地球环境研究所
景传勇,中国科学院生态环境研究中心
陈志强,清华大学
陈志强,清华大学
付保华,中国科学院数学与系统科学研究院
耿美玉,中国海洋大学
占肖卫,中国科学院化学研究所
陈萍,中国科学院大连化学物理研究所
胡俊杰,南开大学
马建平,中国科学院理论物理研究所
王海滨,中国科学院动物研究所
唐定中,中国科学院遗传与发育生物学研究所
邵元华,北京大学
彭新华,中国科学院南京土壤研究所
陈立桅,中国科学院苏州纳米技术与纳米仿生研究所中国
刘继峰,中国科学院国家天文台
谭华荣,中国科学院微生物研究所
王栋,中国科学院化学研究所
胡海岚,中国科学院上海生命科学研究院
范更华,福州大学
刘军,中国人民大学
宋建国,中国科学院上海生命科学研究院生物化学与细胞生物学研究所
谭文峰,华中农业大学
曹道民,中国科学院数学与系统科学研究院
秦启伟,中山大学
王建民,中国科学院高能物理研究所
王恩哥,中国科学院物理研究所
王梅祥,中国科学院化学研究所
靳健,中国科学院苏州纳米技术与纳米
杨群,中国科学院南京地质古生物研究所
薛红卫,中国科学院植物生理生态研究所
徐明,北京大学
邹冰松,中国科学院高能物理研究所
杨小平,中国科学院地质与地球物理研究所
张树义,中国科学院动物研究所
王维华,中国科学院动物研究所
陈耀峰,中国科学院上海有机化学研究所
朱大海,哈尔滨工业大学
耿涌,中国科学院沈阳应用生态研究所
王楠林,中国科学院物理研究所
吴自玉,中国科学院高能物理研究所
方小敏,兰州大学
向涛,中国科学院理论物理研究所
赵刚,中国科学院上海有机化学研究所
郑洪波,中国科学院西安黄土与第四纪地质研究室
王太宏,中国科学院物理研究所
赵政国,中国科学院高能物理所
王鸿飞,中国科学院化学研究所
周启星,中国科学院沈阳应用生态研究所
宇如聪,中国气象科学研究院
王强斌,中国科学院苏州纳米技术与纳米仿生研究所
耿建国,中国科学院上海生命科学研究院生物化学与细胞生物学研究所
吕龙,中国科学院上海有机化学研究所
程兵,中国科学院数学与系统科学研究院
陈求稳,水利部交通运输部国家能源局南京水利科学研究院
孙予罕,中国科学院山西煤炭化学研究所
马光辉,中国科学院化工冶金研究所
徐天乐,中国科学技术大学
罗达,中国科学院上海生命科学研究院
王晓茹,中国科学院植物研究所
高抒,南京大学
王孝群,中国科学院理论物理研究所
李宁,中国农业大学
岳澄波,中国科学院数学与系统科学研究院
盛政明,中国科学院物理研究所
张汉勤,中国科学院数学与系统科学研究院
李小凡,中国科学院地球物理研究所
康绍忠,西北农林科技大学
何士刚,中国科学院神经科学研究所
谭铮,武汉大学
张洪武,大连理工大学
贾金锋,中国科学院物理研究所